Nombre,Temporada,Victorias,Derrotas,id,Image
Atlanta Hawks,2023-24,7,7,1610612737,https://cdn.nba.com/logos/nba/1610612737/global/D/logo.svg
Atlanta Hawks,2022-23,41,41,1610612737,https://cdn.nba.com/logos/nba/1610612737/global/D/logo.svg
Atlanta Hawks,2021-22,43,39,1610612737,https://cdn.nba.com/logos/nba/1610612737/global/D/logo.svg
Atlanta Hawks,2020-21,41,31,1610612737,https://cdn.nba.com/logos/nba/1610612737/global/D/logo.svg
Atlanta Hawks,2019-20,20,47,1610612737,https://cdn.nba.com/logos/nba/1610612737/global/D/logo.svg
Atlanta Hawks,2018-19,29,53,1610612737,https://cdn.nba.com/logos/nba/1610612737/global/D/logo.svg
Atlanta Hawks,2017-18,24,58,1610612737,https://cdn.nba.com/logos/nba/1610612737/global/D/logo.svg
Atlanta Hawks,2016-17,43,39,1610612737,https://cdn.nba.com/logos/nba/1610612737/global/D/logo.svg
Atlanta Hawks,2015-16,48,34,1610612737,https://cdn.nba.com/logos/nba/1610612737/global/D/logo.svg
Atlanta Hawks,2014-15,60,22,1610612737,https://cdn.nba.com/logos/nba/1610612737/global/D/logo.svg
Atlanta Hawks,2013-14,38,44,1610612737,https://cdn.nba.com/logos/nba/1610612737/global/D/logo.svg
Atlanta Hawks,2012-13,44,38,1610612737,https://cdn.nba.com/logos/nba/1610612737/global/D/logo.svg
Atlanta Hawks,2011-12,40,26,1610612737,https://cdn.nba.com/logos/nba/1610612737/global/D/logo.svg
Atlanta Hawks,2010-11,44,38,1610612737,https://cdn.nba.com/logos/nba/1610612737/global/D/logo.svg
Atlanta Hawks,2009-10,53,29,1610612737,https://cdn.nba.com/logos/nba/1610612737/global/D/logo.svg
Atlanta Hawks,2008-09,47,35,1610612737,https://cdn.nba.com/logos/nba/1610612737/global/D/logo.svg
Atlanta Hawks,2007-08,37,45,1610612737,https://cdn.nba.com/logos/nba/1610612737/global/D/logo.svg
Atlanta Hawks,2006-07,30,52,1610612737,https://cdn.nba.com/logos/nba/1610612737/global/D/logo.svg
Boston Celtics,2023-24,12,3,1610612738,https://cdn.nba.com/logos/nba/1610612738/global/D/logo.svg
Boston Celtics,2022-23,57,25,1610612738,https://cdn.nba.com/logos/nba/1610612738/global/D/logo.svg
Boston Celtics,2021-22,51,31,1610612738,https://cdn.nba.com/logos/nba/1610612738/global/D/logo.svg
Boston Celtics,2020-21,36,36,1610612738,https://cdn.nba.com/logos/nba/1610612738/global/D/logo.svg
Boston Celtics,2019-20,48,24,1610612738,https://cdn.nba.com/logos/nba/1610612738/global/D/logo.svg
Boston Celtics,2018-19,49,33,1610612738,https://cdn.nba.com/logos/nba/1610612738/global/D/logo.svg
Boston Celtics,2017-18,55,27,1610612738,https://cdn.nba.com/logos/nba/1610612738/global/D/logo.svg
Boston Celtics,2016-17,53,29,1610612738,https://cdn.nba.com/logos/nba/1610612738/global/D/logo.svg
Boston Celtics,2015-16,48,34,1610612738,https://cdn.nba.com/logos/nba/1610612738/global/D/logo.svg
Boston Celtics,2014-15,40,42,1610612738,https://cdn.nba.com/logos/nba/1610612738/global/D/logo.svg
Boston Celtics,2013-14,25,57,1610612738,https://cdn.nba.com/logos/nba/1610612738/global/D/logo.svg
Boston Celtics,2012-13,41,40,1610612738,https://cdn.nba.com/logos/nba/1610612738/global/D/logo.svg
Boston Celtics,2011-12,39,27,1610612738,https://cdn.nba.com/logos/nba/1610612738/global/D/logo.svg
Boston Celtics,2010-11,56,26,1610612738,https://cdn.nba.com/logos/nba/1610612738/global/D/logo.svg
Boston Celtics,2009-10,50,32,1610612738,https://cdn.nba.com/logos/nba/1610612738/global/D/logo.svg
Boston Celtics,2008-09,62,20,1610612738,https://cdn.nba.com/logos/nba/1610612738/global/D/logo.svg
Boston Celtics,2007-08,66,16,1610612738,https://cdn.nba.com/logos/nba/1610612738/global/D/logo.svg
Boston Celtics,2006-07,24,58,1610612738,https://cdn.nba.com/logos/nba/1610612738/global/D/logo.svg
Brooklyn Nets,2023-24,6,8,1610612751,https://cdn.nba.com/logos/nba/1610612751/global/D/logo.svg
Brooklyn Nets,2022-23,45,37,1610612751,https://cdn.nba.com/logos/nba/1610612751/global/D/logo.svg
Brooklyn Nets,2021-22,44,38,1610612751,https://cdn.nba.com/logos/nba/1610612751/global/D/logo.svg
Brooklyn Nets,2020-21,48,24,1610612751,https://cdn.nba.com/logos/nba/1610612751/global/D/logo.svg
Brooklyn Nets,2019-20,35,37,1610612751,https://cdn.nba.com/logos/nba/1610612751/global/D/logo.svg
Brooklyn Nets,2018-19,42,40,1610612751,https://cdn.nba.com/logos/nba/1610612751/global/D/logo.svg
Brooklyn Nets,2017-18,28,54,1610612751,https://cdn.nba.com/logos/nba/1610612751/global/D/logo.svg
Brooklyn Nets,2016-17,20,62,1610612751,https://cdn.nba.com/logos/nba/1610612751/global/D/logo.svg
Brooklyn Nets,2015-16,21,61,1610612751,https://cdn.nba.com/logos/nba/1610612751/global/D/logo.svg
Brooklyn Nets,2014-15,38,44,1610612751,https://cdn.nba.com/logos/nba/1610612751/global/D/logo.svg
Brooklyn Nets,2013-14,44,38,1610612751,https://cdn.nba.com/logos/nba/1610612751/global/D/logo.svg
Brooklyn Nets,2012-13,49,33,1610612751,https://cdn.nba.com/logos/nba/1610612751/global/D/logo.svg
Brooklyn Nets,2011-12,22,44,1610612751,https://cdn.nba.com/logos/nba/1610612751/global/D/logo.svg
Brooklyn Nets,2010-11,24,58,1610612751,https://cdn.nba.com/logos/nba/1610612751/global/D/logo.svg
Brooklyn Nets,2009-10,12,70,1610612751,https://cdn.nba.com/logos/nba/1610612751/global/D/logo.svg
Brooklyn Nets,2008-09,34,48,1610612751,https://cdn.nba.com/logos/nba/1610612751/global/D/logo.svg
Brooklyn Nets,2007-08,34,48,1610612751,https://cdn.nba.com/logos/nba/1610612751/global/D/logo.svg
Brooklyn Nets,2006-07,41,41,1610612751,https://cdn.nba.com/logos/nba/1610612751/global/D/logo.svg
Charlotte Hornets,2023-24,5,9,1610612766,https://cdn.nba.com/logos/nba/1610612766/global/D/logo.svg
Charlotte Hornets,2022-23,27,55,1610612766,https://cdn.nba.com/logos/nba/1610612766/global/D/logo.svg
Charlotte Hornets,2021-22,43,39,1610612766,https://cdn.nba.com/logos/nba/1610612766/global/D/logo.svg
Charlotte Hornets,2020-21,33,39,1610612766,https://cdn.nba.com/logos/nba/1610612766/global/D/logo.svg
Charlotte Hornets,2019-20,23,42,1610612766,https://cdn.nba.com/logos/nba/1610612766/global/D/logo.svg
Charlotte Hornets,2018-19,39,43,1610612766,https://cdn.nba.com/logos/nba/1610612766/global/D/logo.svg
Charlotte Hornets,2017-18,36,46,1610612766,https://cdn.nba.com/logos/nba/1610612766/global/D/logo.svg
Charlotte Hornets,2016-17,36,46,1610612766,https://cdn.nba.com/logos/nba/1610612766/global/D/logo.svg
Charlotte Hornets,2015-16,48,34,1610612766,https://cdn.nba.com/logos/nba/1610612766/global/D/logo.svg
Charlotte Hornets,2014-15,33,49,1610612766,https://cdn.nba.com/logos/nba/1610612766/global/D/logo.svg
Charlotte Hornets,2013-14,43,39,1610612766,https://cdn.nba.com/logos/nba/1610612766/global/D/logo.svg
Charlotte Hornets,2012-13,21,61,1610612766,https://cdn.nba.com/logos/nba/1610612766/global/D/logo.svg
Charlotte Hornets,2011-12,7,59,1610612766,https://cdn.nba.com/logos/nba/1610612766/global/D/logo.svg
Charlotte Hornets,2010-11,34,48,1610612766,https://cdn.nba.com/logos/nba/1610612766/global/D/logo.svg
Charlotte Hornets,2009-10,44,38,1610612766,https://cdn.nba.com/logos/nba/1610612766/global/D/logo.svg
Charlotte Hornets,2008-09,35,47,1610612766,https://cdn.nba.com/logos/nba/1610612766/global/D/logo.svg
Charlotte Hornets,2007-08,32,50,1610612766,https://cdn.nba.com/logos/nba/1610612766/global/D/logo.svg
Charlotte Hornets,2006-07,33,49,1610612766,https://cdn.nba.com/logos/nba/1610612766/global/D/logo.svg
Chicago Bulls,2023-24,5,11,1610612741,https://cdn.nba.com/logos/nba/1610612741/global/D/logo.svg
Chicago Bulls,2022-23,40,42,1610612741,https://cdn.nba.com/logos/nba/1610612741/global/D/logo.svg
Chicago Bulls,2021-22,46,36,1610612741,https://cdn.nba.com/logos/nba/1610612741/global/D/logo.svg
Chicago Bulls,2020-21,31,41,1610612741,https://cdn.nba.com/logos/nba/1610612741/global/D/logo.svg
Chicago Bulls,2019-20,22,43,1610612741,https://cdn.nba.com/logos/nba/1610612741/global/D/logo.svg
Chicago Bulls,2018-19,22,60,1610612741,https://cdn.nba.com/logos/nba/1610612741/global/D/logo.svg
Chicago Bulls,2017-18,27,55,1610612741,https://cdn.nba.com/logos/nba/1610612741/global/D/logo.svg
Chicago Bulls,2016-17,41,41,1610612741,https://cdn.nba.com/logos/nba/1610612741/global/D/logo.svg
Chicago Bulls,2015-16,42,40,1610612741,https://cdn.nba.com/logos/nba/1610612741/global/D/logo.svg
Chicago Bulls,2014-15,50,32,1610612741,https://cdn.nba.com/logos/nba/1610612741/global/D/logo.svg
Chicago Bulls,2013-14,48,34,1610612741,https://cdn.nba.com/logos/nba/1610612741/global/D/logo.svg
Chicago Bulls,2012-13,45,37,1610612741,https://cdn.nba.com/logos/nba/1610612741/global/D/logo.svg
Chicago Bulls,2011-12,50,16,1610612741,https://cdn.nba.com/logos/nba/1610612741/global/D/logo.svg
Chicago Bulls,2010-11,62,20,1610612741,https://cdn.nba.com/logos/nba/1610612741/global/D/logo.svg
Chicago Bulls,2009-10,41,41,1610612741,https://cdn.nba.com/logos/nba/1610612741/global/D/logo.svg
Chicago Bulls,2008-09,41,41,1610612741,https://cdn.nba.com/logos/nba/1610612741/global/D/logo.svg
Chicago Bulls,2007-08,33,49,1610612741,https://cdn.nba.com/logos/nba/1610612741/global/D/logo.svg
Chicago Bulls,2006-07,49,33,1610612741,https://cdn.nba.com/logos/nba/1610612741/global/D/logo.svg
Cleveland Cavaliers,2023-24,8,7,1610612739,https://cdn.nba.com/logos/nba/1610612739/global/D/logo.svg
Cleveland Cavaliers,2022-23,51,31,1610612739,https://cdn.nba.com/logos/nba/1610612739/global/D/logo.svg
Cleveland Cavaliers,2021-22,44,38,1610612739,https://cdn.nba.com/logos/nba/1610612739/global/D/logo.svg
Cleveland Cavaliers,2020-21,22,50,1610612739,https://cdn.nba.com/logos/nba/1610612739/global/D/logo.svg
Cleveland Cavaliers,2019-20,19,46,1610612739,https://cdn.nba.com/logos/nba/1610612739/global/D/logo.svg
Cleveland Cavaliers,2018-19,19,63,1610612739,https://cdn.nba.com/logos/nba/1610612739/global/D/logo.svg
Cleveland Cavaliers,2017-18,50,32,1610612739,https://cdn.nba.com/logos/nba/1610612739/global/D/logo.svg
Cleveland Cavaliers,2016-17,51,31,1610612739,https://cdn.nba.com/logos/nba/1610612739/global/D/logo.svg
Cleveland Cavaliers,2015-16,57,25,1610612739,https://cdn.nba.com/logos/nba/1610612739/global/D/logo.svg
Cleveland Cavaliers,2014-15,53,29,1610612739,https://cdn.nba.com/logos/nba/1610612739/global/D/logo.svg
Cleveland Cavaliers,2013-14,33,49,1610612739,https://cdn.nba.com/logos/nba/1610612739/global/D/logo.svg
Cleveland Cavaliers,2012-13,24,58,1610612739,https://cdn.nba.com/logos/nba/1610612739/global/D/logo.svg
Cleveland Cavaliers,2011-12,21,45,1610612739,https://cdn.nba.com/logos/nba/1610612739/global/D/logo.svg
Cleveland Cavaliers,2010-11,19,63,1610612739,https://cdn.nba.com/logos/nba/1610612739/global/D/logo.svg
Cleveland Cavaliers,2009-10,61,21,1610612739,https://cdn.nba.com/logos/nba/1610612739/global/D/logo.svg
Cleveland Cavaliers,2008-09,66,16,1610612739,https://cdn.nba.com/logos/nba/1610612739/global/D/logo.svg
Cleveland Cavaliers,2007-08,45,37,1610612739,https://cdn.nba.com/logos/nba/1610612739/global/D/logo.svg
Cleveland Cavaliers,2006-07,50,32,1610612739,https://cdn.nba.com/logos/nba/1610612739/global/D/logo.svg
Dallas Mavericks,2023-24,10,5,1610612742,https://cdn.nba.com/logos/nba/1610612742/global/D/logo.svg
Dallas Mavericks,2022-23,38,44,1610612742,https://cdn.nba.com/logos/nba/1610612742/global/D/logo.svg
Dallas Mavericks,2021-22,52,30,1610612742,https://cdn.nba.com/logos/nba/1610612742/global/D/logo.svg
Dallas Mavericks,2020-21,42,30,1610612742,https://cdn.nba.com/logos/nba/1610612742/global/D/logo.svg
Dallas Mavericks,2019-20,43,32,1610612742,https://cdn.nba.com/logos/nba/1610612742/global/D/logo.svg
Dallas Mavericks,2018-19,33,49,1610612742,https://cdn.nba.com/logos/nba/1610612742/global/D/logo.svg
Dallas Mavericks,2017-18,24,58,1610612742,https://cdn.nba.com/logos/nba/1610612742/global/D/logo.svg
Dallas Mavericks,2016-17,33,49,1610612742,https://cdn.nba.com/logos/nba/1610612742/global/D/logo.svg
Dallas Mavericks,2015-16,42,40,1610612742,https://cdn.nba.com/logos/nba/1610612742/global/D/logo.svg
Dallas Mavericks,2014-15,50,32,1610612742,https://cdn.nba.com/logos/nba/1610612742/global/D/logo.svg
Dallas Mavericks,2013-14,49,33,1610612742,https://cdn.nba.com/logos/nba/1610612742/global/D/logo.svg
Dallas Mavericks,2012-13,41,41,1610612742,https://cdn.nba.com/logos/nba/1610612742/global/D/logo.svg
Dallas Mavericks,2011-12,36,30,1610612742,https://cdn.nba.com/logos/nba/1610612742/global/D/logo.svg
Dallas Mavericks,2010-11,57,25,1610612742,https://cdn.nba.com/logos/nba/1610612742/global/D/logo.svg
Dallas Mavericks,2009-10,55,27,1610612742,https://cdn.nba.com/logos/nba/1610612742/global/D/logo.svg
Dallas Mavericks,2008-09,50,32,1610612742,https://cdn.nba.com/logos/nba/1610612742/global/D/logo.svg
Dallas Mavericks,2007-08,51,31,1610612742,https://cdn.nba.com/logos/nba/1610612742/global/D/logo.svg
Dallas Mavericks,2006-07,67,15,1610612742,https://cdn.nba.com/logos/nba/1610612742/global/D/logo.svg
Denver Nuggets,2023-24,10,5,1610612743,https://cdn.nba.com/logos/nba/1610612743/global/D/logo.svg
Denver Nuggets,2022-23,53,29,1610612743,https://cdn.nba.com/logos/nba/1610612743/global/D/logo.svg
Denver Nuggets,2021-22,48,34,1610612743,https://cdn.nba.com/logos/nba/1610612743/global/D/logo.svg
Denver Nuggets,2020-21,47,25,1610612743,https://cdn.nba.com/logos/nba/1610612743/global/D/logo.svg
Denver Nuggets,2019-20,46,27,1610612743,https://cdn.nba.com/logos/nba/1610612743/global/D/logo.svg
Denver Nuggets,2018-19,54,28,1610612743,https://cdn.nba.com/logos/nba/1610612743/global/D/logo.svg
Denver Nuggets,2017-18,46,36,1610612743,https://cdn.nba.com/logos/nba/1610612743/global/D/logo.svg
Denver Nuggets,2016-17,40,42,1610612743,https://cdn.nba.com/logos/nba/1610612743/global/D/logo.svg
Denver Nuggets,2015-16,33,49,1610612743,https://cdn.nba.com/logos/nba/1610612743/global/D/logo.svg
Denver Nuggets,2014-15,30,52,1610612743,https://cdn.nba.com/logos/nba/1610612743/global/D/logo.svg
Denver Nuggets,2013-14,36,46,1610612743,https://cdn.nba.com/logos/nba/1610612743/global/D/logo.svg
Denver Nuggets,2012-13,57,25,1610612743,https://cdn.nba.com/logos/nba/1610612743/global/D/logo.svg
Denver Nuggets,2011-12,38,28,1610612743,https://cdn.nba.com/logos/nba/1610612743/global/D/logo.svg
Denver Nuggets,2010-11,50,32,1610612743,https://cdn.nba.com/logos/nba/1610612743/global/D/logo.svg
Denver Nuggets,2009-10,53,29,1610612743,https://cdn.nba.com/logos/nba/1610612743/global/D/logo.svg
Denver Nuggets,2008-09,54,28,1610612743,https://cdn.nba.com/logos/nba/1610612743/global/D/logo.svg
Denver Nuggets,2007-08,50,32,1610612743,https://cdn.nba.com/logos/nba/1610612743/global/D/logo.svg
Denver Nuggets,2006-07,45,37,1610612743,https://cdn.nba.com/logos/nba/1610612743/global/D/logo.svg
Detroit Pistons,2023-24,2,13,1610612765,https://cdn.nba.com/logos/nba/1610612765/global/D/logo.svg
Detroit Pistons,2022-23,17,65,1610612765,https://cdn.nba.com/logos/nba/1610612765/global/D/logo.svg
Detroit Pistons,2021-22,23,59,1610612765,https://cdn.nba.com/logos/nba/1610612765/global/D/logo.svg
Detroit Pistons,2020-21,20,52,1610612765,https://cdn.nba.com/logos/nba/1610612765/global/D/logo.svg
Detroit Pistons,2019-20,20,46,1610612765,https://cdn.nba.com/logos/nba/1610612765/global/D/logo.svg
Detroit Pistons,2018-19,41,41,1610612765,https://cdn.nba.com/logos/nba/1610612765/global/D/logo.svg
Detroit Pistons,2017-18,39,43,1610612765,https://cdn.nba.com/logos/nba/1610612765/global/D/logo.svg
Detroit Pistons,2016-17,37,45,1610612765,https://cdn.nba.com/logos/nba/1610612765/global/D/logo.svg
Detroit Pistons,2015-16,44,38,1610612765,https://cdn.nba.com/logos/nba/1610612765/global/D/logo.svg
Detroit Pistons,2014-15,32,50,1610612765,https://cdn.nba.com/logos/nba/1610612765/global/D/logo.svg
Detroit Pistons,2013-14,29,53,1610612765,https://cdn.nba.com/logos/nba/1610612765/global/D/logo.svg
Detroit Pistons,2012-13,29,53,1610612765,https://cdn.nba.com/logos/nba/1610612765/global/D/logo.svg
Detroit Pistons,2011-12,25,41,1610612765,https://cdn.nba.com/logos/nba/1610612765/global/D/logo.svg
Detroit Pistons,2010-11,30,52,1610612765,https://cdn.nba.com/logos/nba/1610612765/global/D/logo.svg
Detroit Pistons,2009-10,27,55,1610612765,https://cdn.nba.com/logos/nba/1610612765/global/D/logo.svg
Detroit Pistons,2008-09,39,43,1610612765,https://cdn.nba.com/logos/nba/1610612765/global/D/logo.svg
Detroit Pistons,2007-08,59,23,1610612765,https://cdn.nba.com/logos/nba/1610612765/global/D/logo.svg
Detroit Pistons,2006-07,53,29,1610612765,https://cdn.nba.com/logos/nba/1610612765/global/D/logo.svg
Golden State Warriors,2023-24,7,9,1610612744,https://cdn.nba.com/logos/nba/1610612744/global/D/logo.svg
Golden State Warriors,2022-23,44,38,1610612744,https://cdn.nba.com/logos/nba/1610612744/global/D/logo.svg
Golden State Warriors,2021-22,53,29,1610612744,https://cdn.nba.com/logos/nba/1610612744/global/D/logo.svg
Golden State Warriors,2020-21,39,33,1610612744,https://cdn.nba.com/logos/nba/1610612744/global/D/logo.svg
Golden State Warriors,2019-20,15,50,1610612744,https://cdn.nba.com/logos/nba/1610612744/global/D/logo.svg
Golden State Warriors,2018-19,57,25,1610612744,https://cdn.nba.com/logos/nba/1610612744/global/D/logo.svg
Golden State Warriors,2017-18,58,24,1610612744,https://cdn.nba.com/logos/nba/1610612744/global/D/logo.svg
Golden State Warriors,2016-17,67,15,1610612744,https://cdn.nba.com/logos/nba/1610612744/global/D/logo.svg
Golden State Warriors,2015-16,73,9,1610612744,https://cdn.nba.com/logos/nba/1610612744/global/D/logo.svg
Golden State Warriors,2014-15,67,15,1610612744,https://cdn.nba.com/logos/nba/1610612744/global/D/logo.svg
Golden State Warriors,2013-14,51,31,1610612744,https://cdn.nba.com/logos/nba/1610612744/global/D/logo.svg
Golden State Warriors,2012-13,47,35,1610612744,https://cdn.nba.com/logos/nba/1610612744/global/D/logo.svg
Golden State Warriors,2011-12,23,43,1610612744,https://cdn.nba.com/logos/nba/1610612744/global/D/logo.svg
Golden State Warriors,2010-11,36,46,1610612744,https://cdn.nba.com/logos/nba/1610612744/global/D/logo.svg
Golden State Warriors,2009-10,26,56,1610612744,https://cdn.nba.com/logos/nba/1610612744/global/D/logo.svg
Golden State Warriors,2008-09,29,53,1610612744,https://cdn.nba.com/logos/nba/1610612744/global/D/logo.svg
Golden State Warriors,2007-08,48,34,1610612744,https://cdn.nba.com/logos/nba/1610612744/global/D/logo.svg
Golden State Warriors,2006-07,42,40,1610612744,https://cdn.nba.com/logos/nba/1610612744/global/D/logo.svg
Houston Rockets,2023-24,7,6,1610612745,https://cdn.nba.com/logos/nba/1610612745/global/D/logo.svg
Houston Rockets,2022-23,22,60,1610612745,https://cdn.nba.com/logos/nba/1610612745/global/D/logo.svg
Houston Rockets,2021-22,20,62,1610612745,https://cdn.nba.com/logos/nba/1610612745/global/D/logo.svg
Houston Rockets,2020-21,17,55,1610612745,https://cdn.nba.com/logos/nba/1610612745/global/D/logo.svg
Houston Rockets,2019-20,44,28,1610612745,https://cdn.nba.com/logos/nba/1610612745/global/D/logo.svg
Houston Rockets,2018-19,53,29,1610612745,https://cdn.nba.com/logos/nba/1610612745/global/D/logo.svg
Houston Rockets,2017-18,65,17,1610612745,https://cdn.nba.com/logos/nba/1610612745/global/D/logo.svg
Houston Rockets,2016-17,55,27,1610612745,https://cdn.nba.com/logos/nba/1610612745/global/D/logo.svg
Houston Rockets,2015-16,41,41,1610612745,https://cdn.nba.com/logos/nba/1610612745/global/D/logo.svg
Houston Rockets,2014-15,56,26,1610612745,https://cdn.nba.com/logos/nba/1610612745/global/D/logo.svg
Houston Rockets,2013-14,54,28,1610612745,https://cdn.nba.com/logos/nba/1610612745/global/D/logo.svg
Houston Rockets,2012-13,45,37,1610612745,https://cdn.nba.com/logos/nba/1610612745/global/D/logo.svg
Houston Rockets,2011-12,34,32,1610612745,https://cdn.nba.com/logos/nba/1610612745/global/D/logo.svg
Houston Rockets,2010-11,43,39,1610612745,https://cdn.nba.com/logos/nba/1610612745/global/D/logo.svg
Houston Rockets,2009-10,42,40,1610612745,https://cdn.nba.com/logos/nba/1610612745/global/D/logo.svg
Houston Rockets,2008-09,53,29,1610612745,https://cdn.nba.com/logos/nba/1610612745/global/D/logo.svg
Houston Rockets,2007-08,55,27,1610612745,https://cdn.nba.com/logos/nba/1610612745/global/D/logo.svg
Houston Rockets,2006-07,52,30,1610612745,https://cdn.nba.com/logos/nba/1610612745/global/D/logo.svg
Indiana Pacers,2023-24,8,6,1610612754,https://cdn.nba.com/logos/nba/1610612754/global/D/logo.svg
Indiana Pacers,2022-23,35,47,1610612754,https://cdn.nba.com/logos/nba/1610612754/global/D/logo.svg
Indiana Pacers,2021-22,25,57,1610612754,https://cdn.nba.com/logos/nba/1610612754/global/D/logo.svg
Indiana Pacers,2020-21,34,38,1610612754,https://cdn.nba.com/logos/nba/1610612754/global/D/logo.svg
Indiana Pacers,2019-20,45,28,1610612754,https://cdn.nba.com/logos/nba/1610612754/global/D/logo.svg
Indiana Pacers,2018-19,48,34,1610612754,https://cdn.nba.com/logos/nba/1610612754/global/D/logo.svg
Indiana Pacers,2017-18,48,34,1610612754,https://cdn.nba.com/logos/nba/1610612754/global/D/logo.svg
Indiana Pacers,2016-17,42,40,1610612754,https://cdn.nba.com/logos/nba/1610612754/global/D/logo.svg
Indiana Pacers,2015-16,45,37,1610612754,https://cdn.nba.com/logos/nba/1610612754/global/D/logo.svg
Indiana Pacers,2014-15,38,44,1610612754,https://cdn.nba.com/logos/nba/1610612754/global/D/logo.svg
Indiana Pacers,2013-14,56,26,1610612754,https://cdn.nba.com/logos/nba/1610612754/global/D/logo.svg
Indiana Pacers,2012-13,49,32,1610612754,https://cdn.nba.com/logos/nba/1610612754/global/D/logo.svg
Indiana Pacers,2011-12,42,24,1610612754,https://cdn.nba.com/logos/nba/1610612754/global/D/logo.svg
Indiana Pacers,2010-11,37,45,1610612754,https://cdn.nba.com/logos/nba/1610612754/global/D/logo.svg
Indiana Pacers,2009-10,32,50,1610612754,https://cdn.nba.com/logos/nba/1610612754/global/D/logo.svg
Indiana Pacers,2008-09,36,46,1610612754,https://cdn.nba.com/logos/nba/1610612754/global/D/logo.svg
Indiana Pacers,2007-08,36,46,1610612754,https://cdn.nba.com/logos/nba/1610612754/global/D/logo.svg
Indiana Pacers,2006-07,35,47,1610612754,https://cdn.nba.com/logos/nba/1610612754/global/D/logo.svg
Los Angeles Clippers,2023-24,6,7,1610612746,https://cdn.nba.com/logos/nba/1610612746/global/D/logo.svg
Los Angeles Clippers,2022-23,44,38,1610612746,https://cdn.nba.com/logos/nba/1610612746/global/D/logo.svg
Los Angeles Clippers,2021-22,42,40,1610612746,https://cdn.nba.com/logos/nba/1610612746/global/D/logo.svg
Los Angeles Clippers,2020-21,47,25,1610612746,https://cdn.nba.com/logos/nba/1610612746/global/D/logo.svg
Los Angeles Clippers,2019-20,49,23,1610612746,https://cdn.nba.com/logos/nba/1610612746/global/D/logo.svg
Los Angeles Clippers,2018-19,48,34,1610612746,https://cdn.nba.com/logos/nba/1610612746/global/D/logo.svg
Los Angeles Clippers,2017-18,42,40,1610612746,https://cdn.nba.com/logos/nba/1610612746/global/D/logo.svg
Los Angeles Clippers,2016-17,51,31,1610612746,https://cdn.nba.com/logos/nba/1610612746/global/D/logo.svg
Los Angeles Clippers,2015-16,53,29,1610612746,https://cdn.nba.com/logos/nba/1610612746/global/D/logo.svg
Los Angeles Clippers,2014-15,56,26,1610612746,https://cdn.nba.com/logos/nba/1610612746/global/D/logo.svg
Los Angeles Clippers,2013-14,57,25,1610612746,https://cdn.nba.com/logos/nba/1610612746/global/D/logo.svg
Los Angeles Clippers,2012-13,56,26,1610612746,https://cdn.nba.com/logos/nba/1610612746/global/D/logo.svg
Los Angeles Clippers,2011-12,40,26,1610612746,https://cdn.nba.com/logos/nba/1610612746/global/D/logo.svg
Los Angeles Clippers,2010-11,32,50,1610612746,https://cdn.nba.com/logos/nba/1610612746/global/D/logo.svg
Los Angeles Clippers,2009-10,29,53,1610612746,https://cdn.nba.com/logos/nba/1610612746/global/D/logo.svg
Los Angeles Clippers,2008-09,19,63,1610612746,https://cdn.nba.com/logos/nba/1610612746/global/D/logo.svg
Los Angeles Clippers,2007-08,23,59,1610612746,https://cdn.nba.com/logos/nba/1610612746/global/D/logo.svg
Los Angeles Clippers,2006-07,40,42,1610612746,https://cdn.nba.com/logos/nba/1610612746/global/D/logo.svg
Los Angeles Lakers,2023-24,9,7,1610612747,https://cdn.nba.com/logos/nba/1610612747/global/D/logo.svg
Los Angeles Lakers,2022-23,43,39,1610612747,https://cdn.nba.com/logos/nba/1610612747/global/D/logo.svg
Los Angeles Lakers,2021-22,33,49,1610612747,https://cdn.nba.com/logos/nba/1610612747/global/D/logo.svg
Los Angeles Lakers,2020-21,42,30,1610612747,https://cdn.nba.com/logos/nba/1610612747/global/D/logo.svg
Los Angeles Lakers,2019-20,52,19,1610612747,https://cdn.nba.com/logos/nba/1610612747/global/D/logo.svg
Los Angeles Lakers,2018-19,37,45,1610612747,https://cdn.nba.com/logos/nba/1610612747/global/D/logo.svg
Los Angeles Lakers,2017-18,35,47,1610612747,https://cdn.nba.com/logos/nba/1610612747/global/D/logo.svg
Los Angeles Lakers,2016-17,26,56,1610612747,https://cdn.nba.com/logos/nba/1610612747/global/D/logo.svg
Los Angeles Lakers,2015-16,17,65,1610612747,https://cdn.nba.com/logos/nba/1610612747/global/D/logo.svg
Los Angeles Lakers,2014-15,21,61,1610612747,https://cdn.nba.com/logos/nba/1610612747/global/D/logo.svg
Los Angeles Lakers,2013-14,27,55,1610612747,https://cdn.nba.com/logos/nba/1610612747/global/D/logo.svg
Los Angeles Lakers,2012-13,45,37,1610612747,https://cdn.nba.com/logos/nba/1610612747/global/D/logo.svg
Los Angeles Lakers,2011-12,41,25,1610612747,https://cdn.nba.com/logos/nba/1610612747/global/D/logo.svg
Los Angeles Lakers,2010-11,57,25,1610612747,https://cdn.nba.com/logos/nba/1610612747/global/D/logo.svg
Los Angeles Lakers,2009-10,57,25,1610612747,https://cdn.nba.com/logos/nba/1610612747/global/D/logo.svg
Los Angeles Lakers,2008-09,65,17,1610612747,https://cdn.nba.com/logos/nba/1610612747/global/D/logo.svg
Los Angeles Lakers,2007-08,57,25,1610612747,https://cdn.nba.com/logos/nba/1610612747/global/D/logo.svg
Los Angeles Lakers,2006-07,42,40,1610612747,https://cdn.nba.com/logos/nba/1610612747/global/D/logo.svg
Memphis Grizzlies,2023-24,3,11,1610612763,https://cdn.nba.com/logos/nba/1610612763/global/D/logo.svg
Memphis Grizzlies,2022-23,51,31,1610612763,https://cdn.nba.com/logos/nba/1610612763/global/D/logo.svg
Memphis Grizzlies,2021-22,56,26,1610612763,https://cdn.nba.com/logos/nba/1610612763/global/D/logo.svg
Memphis Grizzlies,2020-21,38,34,1610612763,https://cdn.nba.com/logos/nba/1610612763/global/D/logo.svg
Memphis Grizzlies,2019-20,34,39,1610612763,https://cdn.nba.com/logos/nba/1610612763/global/D/logo.svg
Memphis Grizzlies,2018-19,33,49,1610612763,https://cdn.nba.com/logos/nba/1610612763/global/D/logo.svg
Memphis Grizzlies,2017-18,22,60,1610612763,https://cdn.nba.com/logos/nba/1610612763/global/D/logo.svg
Memphis Grizzlies,2016-17,43,39,1610612763,https://cdn.nba.com/logos/nba/1610612763/global/D/logo.svg
Memphis Grizzlies,2015-16,42,40,1610612763,https://cdn.nba.com/logos/nba/1610612763/global/D/logo.svg
Memphis Grizzlies,2014-15,55,27,1610612763,https://cdn.nba.com/logos/nba/1610612763/global/D/logo.svg
Memphis Grizzlies,2013-14,50,32,1610612763,https://cdn.nba.com/logos/nba/1610612763/global/D/logo.svg
Memphis Grizzlies,2012-13,56,26,1610612763,https://cdn.nba.com/logos/nba/1610612763/global/D/logo.svg
Memphis Grizzlies,2011-12,41,25,1610612763,https://cdn.nba.com/logos/nba/1610612763/global/D/logo.svg
Memphis Grizzlies,2010-11,46,36,1610612763,https://cdn.nba.com/logos/nba/1610612763/global/D/logo.svg
Memphis Grizzlies,2009-10,40,42,1610612763,https://cdn.nba.com/logos/nba/1610612763/global/D/logo.svg
Memphis Grizzlies,2008-09,24,58,1610612763,https://cdn.nba.com/logos/nba/1610612763/global/D/logo.svg
Memphis Grizzlies,2007-08,22,60,1610612763,https://cdn.nba.com/logos/nba/1610612763/global/D/logo.svg
Memphis Grizzlies,2006-07,22,60,1610612763,https://cdn.nba.com/logos/nba/1610612763/global/D/logo.svg
Miami Heat,2023-24,10,5,1610612748,https://cdn.nba.com/logos/nba/1610612748/global/D/logo.svg
Miami Heat,2022-23,44,38,1610612748,https://cdn.nba.com/logos/nba/1610612748/global/D/logo.svg
Miami Heat,2021-22,53,29,1610612748,https://cdn.nba.com/logos/nba/1610612748/global/D/logo.svg
Miami Heat,2020-21,40,32,1610612748,https://cdn.nba.com/logos/nba/1610612748/global/D/logo.svg
Miami Heat,2019-20,44,29,1610612748,https://cdn.nba.com/logos/nba/1610612748/global/D/logo.svg
Miami Heat,2018-19,39,43,1610612748,https://cdn.nba.com/logos/nba/1610612748/global/D/logo.svg
Miami Heat,2017-18,44,38,1610612748,https://cdn.nba.com/logos/nba/1610612748/global/D/logo.svg
Miami Heat,2016-17,41,41,1610612748,https://cdn.nba.com/logos/nba/1610612748/global/D/logo.svg
Miami Heat,2015-16,48,34,1610612748,https://cdn.nba.com/logos/nba/1610612748/global/D/logo.svg
Miami Heat,2014-15,37,45,1610612748,https://cdn.nba.com/logos/nba/1610612748/global/D/logo.svg
Miami Heat,2013-14,54,28,1610612748,https://cdn.nba.com/logos/nba/1610612748/global/D/logo.svg
Miami Heat,2012-13,66,16,1610612748,https://cdn.nba.com/logos/nba/1610612748/global/D/logo.svg
Miami Heat,2011-12,46,20,1610612748,https://cdn.nba.com/logos/nba/1610612748/global/D/logo.svg
Miami Heat,2010-11,58,24,1610612748,https://cdn.nba.com/logos/nba/1610612748/global/D/logo.svg
Miami Heat,2009-10,47,35,1610612748,https://cdn.nba.com/logos/nba/1610612748/global/D/logo.svg
Miami Heat,2008-09,43,39,1610612748,https://cdn.nba.com/logos/nba/1610612748/global/D/logo.svg
Miami Heat,2007-08,15,67,1610612748,https://cdn.nba.com/logos/nba/1610612748/global/D/logo.svg
Miami Heat,2006-07,44,38,1610612748,https://cdn.nba.com/logos/nba/1610612748/global/D/logo.svg
Milwaukee Bucks,2023-24,10,5,1610612749,https://cdn.nba.com/logos/nba/1610612749/global/D/logo.svg
Milwaukee Bucks,2022-23,58,24,1610612749,https://cdn.nba.com/logos/nba/1610612749/global/D/logo.svg
Milwaukee Bucks,2021-22,51,31,1610612749,https://cdn.nba.com/logos/nba/1610612749/global/D/logo.svg
Milwaukee Bucks,2020-21,46,26,1610612749,https://cdn.nba.com/logos/nba/1610612749/global/D/logo.svg
Milwaukee Bucks,2019-20,56,17,1610612749,https://cdn.nba.com/logos/nba/1610612749/global/D/logo.svg
Milwaukee Bucks,2018-19,60,22,1610612749,https://cdn.nba.com/logos/nba/1610612749/global/D/logo.svg
Milwaukee Bucks,2017-18,44,38,1610612749,https://cdn.nba.com/logos/nba/1610612749/global/D/logo.svg
Milwaukee Bucks,2016-17,42,40,1610612749,https://cdn.nba.com/logos/nba/1610612749/global/D/logo.svg
Milwaukee Bucks,2015-16,33,49,1610612749,https://cdn.nba.com/logos/nba/1610612749/global/D/logo.svg
Milwaukee Bucks,2014-15,41,41,1610612749,https://cdn.nba.com/logos/nba/1610612749/global/D/logo.svg
Milwaukee Bucks,2013-14,15,67,1610612749,https://cdn.nba.com/logos/nba/1610612749/global/D/logo.svg
Milwaukee Bucks,2012-13,38,44,1610612749,https://cdn.nba.com/logos/nba/1610612749/global/D/logo.svg
Milwaukee Bucks,2011-12,31,35,1610612749,https://cdn.nba.com/logos/nba/1610612749/global/D/logo.svg
Milwaukee Bucks,2010-11,35,47,1610612749,https://cdn.nba.com/logos/nba/1610612749/global/D/logo.svg
Milwaukee Bucks,2009-10,46,36,1610612749,https://cdn.nba.com/logos/nba/1610612749/global/D/logo.svg
Milwaukee Bucks,2008-09,34,48,1610612749,https://cdn.nba.com/logos/nba/1610612749/global/D/logo.svg
Milwaukee Bucks,2007-08,26,56,1610612749,https://cdn.nba.com/logos/nba/1610612749/global/D/logo.svg
Milwaukee Bucks,2006-07,28,54,1610612749,https://cdn.nba.com/logos/nba/1610612749/global/D/logo.svg
Minnesota Timberwolves,2023-24,11,3,1610612750,https://cdn.nba.com/logos/nba/1610612750/global/D/logo.svg
Minnesota Timberwolves,2022-23,42,40,1610612750,https://cdn.nba.com/logos/nba/1610612750/global/D/logo.svg
Minnesota Timberwolves,2021-22,46,36,1610612750,https://cdn.nba.com/logos/nba/1610612750/global/D/logo.svg
Minnesota Timberwolves,2020-21,23,49,1610612750,https://cdn.nba.com/logos/nba/1610612750/global/D/logo.svg
Minnesota Timberwolves,2019-20,19,45,1610612750,https://cdn.nba.com/logos/nba/1610612750/global/D/logo.svg
Minnesota Timberwolves,2018-19,36,46,1610612750,https://cdn.nba.com/logos/nba/1610612750/global/D/logo.svg
Minnesota Timberwolves,2017-18,47,35,1610612750,https://cdn.nba.com/logos/nba/1610612750/global/D/logo.svg
Minnesota Timberwolves,2016-17,31,51,1610612750,https://cdn.nba.com/logos/nba/1610612750/global/D/logo.svg
Minnesota Timberwolves,2015-16,29,53,1610612750,https://cdn.nba.com/logos/nba/1610612750/global/D/logo.svg
Minnesota Timberwolves,2014-15,16,66,1610612750,https://cdn.nba.com/logos/nba/1610612750/global/D/logo.svg
Minnesota Timberwolves,2013-14,40,42,1610612750,https://cdn.nba.com/logos/nba/1610612750/global/D/logo.svg
Minnesota Timberwolves,2012-13,31,51,1610612750,https://cdn.nba.com/logos/nba/1610612750/global/D/logo.svg
Minnesota Timberwolves,2011-12,26,40,1610612750,https://cdn.nba.com/logos/nba/1610612750/global/D/logo.svg
Minnesota Timberwolves,2010-11,17,65,1610612750,https://cdn.nba.com/logos/nba/1610612750/global/D/logo.svg
Minnesota Timberwolves,2009-10,15,67,1610612750,https://cdn.nba.com/logos/nba/1610612750/global/D/logo.svg
Minnesota Timberwolves,2008-09,24,58,1610612750,https://cdn.nba.com/logos/nba/1610612750/global/D/logo.svg
Minnesota Timberwolves,2007-08,22,60,1610612750,https://cdn.nba.com/logos/nba/1610612750/global/D/logo.svg
Minnesota Timberwolves,2006-07,32,50,1610612750,https://cdn.nba.com/logos/nba/1610612750/global/D/logo.svg
New Orleans Pelicans,2023-24,8,7,1610612740,https://cdn.nba.com/logos/nba/1610612740/global/D/logo.svg
New Orleans Pelicans,2022-23,42,40,1610612740,https://cdn.nba.com/logos/nba/1610612740/global/D/logo.svg
New Orleans Pelicans,2021-22,36,46,1610612740,https://cdn.nba.com/logos/nba/1610612740/global/D/logo.svg
New Orleans Pelicans,2020-21,31,41,1610612740,https://cdn.nba.com/logos/nba/1610612740/global/D/logo.svg
New Orleans Pelicans,2019-20,30,42,1610612740,https://cdn.nba.com/logos/nba/1610612740/global/D/logo.svg
New Orleans Pelicans,2018-19,33,49,1610612740,https://cdn.nba.com/logos/nba/1610612740/global/D/logo.svg
New Orleans Pelicans,2017-18,48,34,1610612740,https://cdn.nba.com/logos/nba/1610612740/global/D/logo.svg
New Orleans Pelicans,2016-17,34,48,1610612740,https://cdn.nba.com/logos/nba/1610612740/global/D/logo.svg
New Orleans Pelicans,2015-16,30,52,1610612740,https://cdn.nba.com/logos/nba/1610612740/global/D/logo.svg
New Orleans Pelicans,2014-15,45,37,1610612740,https://cdn.nba.com/logos/nba/1610612740/global/D/logo.svg
New Orleans Pelicans,2013-14,34,48,1610612740,https://cdn.nba.com/logos/nba/1610612740/global/D/logo.svg
New Orleans Pelicans,2012-13,27,55,1610612740,https://cdn.nba.com/logos/nba/1610612740/global/D/logo.svg
New Orleans Pelicans,2011-12,21,45,1610612740,https://cdn.nba.com/logos/nba/1610612740/global/D/logo.svg
New Orleans Pelicans,2010-11,46,36,1610612740,https://cdn.nba.com/logos/nba/1610612740/global/D/logo.svg
New Orleans Pelicans,2009-10,37,45,1610612740,https://cdn.nba.com/logos/nba/1610612740/global/D/logo.svg
New Orleans Pelicans,2008-09,49,33,1610612740,https://cdn.nba.com/logos/nba/1610612740/global/D/logo.svg
New Orleans Pelicans,2007-08,56,26,1610612740,https://cdn.nba.com/logos/nba/1610612740/global/D/logo.svg
New Orleans Pelicans,2006-07,39,43,1610612740,https://cdn.nba.com/logos/nba/1610612740/global/D/logo.svg
New York Knicks,2023-24,8,6,1610612752,https://cdn.nba.com/logos/nba/1610612752/global/D/logo.svg
New York Knicks,2022-23,47,35,1610612752,https://cdn.nba.com/logos/nba/1610612752/global/D/logo.svg
New York Knicks,2021-22,37,45,1610612752,https://cdn.nba.com/logos/nba/1610612752/global/D/logo.svg
New York Knicks,2020-21,41,31,1610612752,https://cdn.nba.com/logos/nba/1610612752/global/D/logo.svg
New York Knicks,2019-20,21,45,1610612752,https://cdn.nba.com/logos/nba/1610612752/global/D/logo.svg
New York Knicks,2018-19,17,65,1610612752,https://cdn.nba.com/logos/nba/1610612752/global/D/logo.svg
New York Knicks,2017-18,29,53,1610612752,https://cdn.nba.com/logos/nba/1610612752/global/D/logo.svg
New York Knicks,2016-17,31,51,1610612752,https://cdn.nba.com/logos/nba/1610612752/global/D/logo.svg
New York Knicks,2015-16,32,50,1610612752,https://cdn.nba.com/logos/nba/1610612752/global/D/logo.svg
New York Knicks,2014-15,17,65,1610612752,https://cdn.nba.com/logos/nba/1610612752/global/D/logo.svg
New York Knicks,2013-14,37,45,1610612752,https://cdn.nba.com/logos/nba/1610612752/global/D/logo.svg
New York Knicks,2012-13,54,28,1610612752,https://cdn.nba.com/logos/nba/1610612752/global/D/logo.svg
New York Knicks,2011-12,36,30,1610612752,https://cdn.nba.com/logos/nba/1610612752/global/D/logo.svg
New York Knicks,2010-11,42,40,1610612752,https://cdn.nba.com/logos/nba/1610612752/global/D/logo.svg
New York Knicks,2009-10,29,53,1610612752,https://cdn.nba.com/logos/nba/1610612752/global/D/logo.svg
New York Knicks,2008-09,32,50,1610612752,https://cdn.nba.com/logos/nba/1610612752/global/D/logo.svg
New York Knicks,2007-08,23,59,1610612752,https://cdn.nba.com/logos/nba/1610612752/global/D/logo.svg
New York Knicks,2006-07,33,49,1610612752,https://cdn.nba.com/logos/nba/1610612752/global/D/logo.svg
Oklahoma City Thunder,2023-24,11,4,1610612760,https://cdn.nba.com/logos/nba/1610612760/global/D/logo.svg
Oklahoma City Thunder,2022-23,40,42,1610612760,https://cdn.nba.com/logos/nba/1610612760/global/D/logo.svg
Oklahoma City Thunder,2021-22,24,58,1610612760,https://cdn.nba.com/logos/nba/1610612760/global/D/logo.svg
Oklahoma City Thunder,2020-21,22,50,1610612760,https://cdn.nba.com/logos/nba/1610612760/global/D/logo.svg
Oklahoma City Thunder,2019-20,44,28,1610612760,https://cdn.nba.com/logos/nba/1610612760/global/D/logo.svg
Oklahoma City Thunder,2018-19,49,33,1610612760,https://cdn.nba.com/logos/nba/1610612760/global/D/logo.svg
Oklahoma City Thunder,2017-18,48,34,1610612760,https://cdn.nba.com/logos/nba/1610612760/global/D/logo.svg
Oklahoma City Thunder,2016-17,47,35,1610612760,https://cdn.nba.com/logos/nba/1610612760/global/D/logo.svg
Oklahoma City Thunder,2015-16,55,27,1610612760,https://cdn.nba.com/logos/nba/1610612760/global/D/logo.svg
Oklahoma City Thunder,2014-15,45,37,1610612760,https://cdn.nba.com/logos/nba/1610612760/global/D/logo.svg
Oklahoma City Thunder,2013-14,59,23,1610612760,https://cdn.nba.com/logos/nba/1610612760/global/D/logo.svg
Oklahoma City Thunder,2012-13,60,22,1610612760,https://cdn.nba.com/logos/nba/1610612760/global/D/logo.svg
Oklahoma City Thunder,2011-12,47,19,1610612760,https://cdn.nba.com/logos/nba/1610612760/global/D/logo.svg
Oklahoma City Thunder,2010-11,55,27,1610612760,https://cdn.nba.com/logos/nba/1610612760/global/D/logo.svg
Oklahoma City Thunder,2009-10,50,32,1610612760,https://cdn.nba.com/logos/nba/1610612760/global/D/logo.svg
Oklahoma City Thunder,2008-09,23,59,1610612760,https://cdn.nba.com/logos/nba/1610612760/global/D/logo.svg
Oklahoma City Thunder,2007-08,20,62,1610612760,https://cdn.nba.com/logos/nba/1610612760/global/D/logo.svg
Oklahoma City Thunder,2006-07,31,51,1610612760,https://cdn.nba.com/logos/nba/1610612760/global/D/logo.svg
Orlando Magic,2023-24,10,5,1610612753,https://cdn.nba.com/logos/nba/1610612753/global/D/logo.svg
Orlando Magic,2022-23,34,48,1610612753,https://cdn.nba.com/logos/nba/1610612753/global/D/logo.svg
Orlando Magic,2021-22,22,60,1610612753,https://cdn.nba.com/logos/nba/1610612753/global/D/logo.svg
Orlando Magic,2020-21,21,51,1610612753,https://cdn.nba.com/logos/nba/1610612753/global/D/logo.svg
Orlando Magic,2019-20,33,40,1610612753,https://cdn.nba.com/logos/nba/1610612753/global/D/logo.svg
Orlando Magic,2018-19,42,40,1610612753,https://cdn.nba.com/logos/nba/1610612753/global/D/logo.svg
Orlando Magic,2017-18,25,57,1610612753,https://cdn.nba.com/logos/nba/1610612753/global/D/logo.svg
Orlando Magic,2016-17,29,53,1610612753,https://cdn.nba.com/logos/nba/1610612753/global/D/logo.svg
Orlando Magic,2015-16,35,47,1610612753,https://cdn.nba.com/logos/nba/1610612753/global/D/logo.svg
Orlando Magic,2014-15,25,57,1610612753,https://cdn.nba.com/logos/nba/1610612753/global/D/logo.svg
Orlando Magic,2013-14,23,59,1610612753,https://cdn.nba.com/logos/nba/1610612753/global/D/logo.svg
Orlando Magic,2012-13,20,62,1610612753,https://cdn.nba.com/logos/nba/1610612753/global/D/logo.svg
Orlando Magic,2011-12,37,29,1610612753,https://cdn.nba.com/logos/nba/1610612753/global/D/logo.svg
Orlando Magic,2010-11,52,30,1610612753,https://cdn.nba.com/logos/nba/1610612753/global/D/logo.svg
Orlando Magic,2009-10,59,23,1610612753,https://cdn.nba.com/logos/nba/1610612753/global/D/logo.svg
Orlando Magic,2008-09,59,23,1610612753,https://cdn.nba.com/logos/nba/1610612753/global/D/logo.svg
Orlando Magic,2007-08,52,30,1610612753,https://cdn.nba.com/logos/nba/1610612753/global/D/logo.svg
Orlando Magic,2006-07,40,42,1610612753,https://cdn.nba.com/logos/nba/1610612753/global/D/logo.svg
Philadelphia 76ers,2023-24,10,5,1610612755,https://cdn.nba.com/logos/nba/1610612755/global/D/logo.svg
Philadelphia 76ers,2022-23,54,28,1610612755,https://cdn.nba.com/logos/nba/1610612755/global/D/logo.svg
Philadelphia 76ers,2021-22,51,31,1610612755,https://cdn.nba.com/logos/nba/1610612755/global/D/logo.svg
Philadelphia 76ers,2020-21,49,23,1610612755,https://cdn.nba.com/logos/nba/1610612755/global/D/logo.svg
Philadelphia 76ers,2019-20,43,30,1610612755,https://cdn.nba.com/logos/nba/1610612755/global/D/logo.svg
Philadelphia 76ers,2018-19,51,31,1610612755,https://cdn.nba.com/logos/nba/1610612755/global/D/logo.svg
Philadelphia 76ers,2017-18,52,30,1610612755,https://cdn.nba.com/logos/nba/1610612755/global/D/logo.svg
Philadelphia 76ers,2016-17,28,54,1610612755,https://cdn.nba.com/logos/nba/1610612755/global/D/logo.svg
Philadelphia 76ers,2015-16,10,72,1610612755,https://cdn.nba.com/logos/nba/1610612755/global/D/logo.svg
Philadelphia 76ers,2014-15,18,64,1610612755,https://cdn.nba.com/logos/nba/1610612755/global/D/logo.svg
Philadelphia 76ers,2013-14,19,63,1610612755,https://cdn.nba.com/logos/nba/1610612755/global/D/logo.svg
Philadelphia 76ers,2012-13,34,48,1610612755,https://cdn.nba.com/logos/nba/1610612755/global/D/logo.svg
Philadelphia 76ers,2011-12,35,31,1610612755,https://cdn.nba.com/logos/nba/1610612755/global/D/logo.svg
Philadelphia 76ers,2010-11,41,41,1610612755,https://cdn.nba.com/logos/nba/1610612755/global/D/logo.svg
Philadelphia 76ers,2009-10,27,55,1610612755,https://cdn.nba.com/logos/nba/1610612755/global/D/logo.svg
Philadelphia 76ers,2008-09,41,41,1610612755,https://cdn.nba.com/logos/nba/1610612755/global/D/logo.svg
Philadelphia 76ers,2007-08,40,42,1610612755,https://cdn.nba.com/logos/nba/1610612755/global/D/logo.svg
Philadelphia 76ers,2006-07,35,47,1610612755,https://cdn.nba.com/logos/nba/1610612755/global/D/logo.svg
Phoenix Suns,2023-24,9,6,1610612756,https://cdn.nba.com/logos/nba/1610612756/global/D/logo.svg
Phoenix Suns,2022-23,45,37,1610612756,https://cdn.nba.com/logos/nba/1610612756/global/D/logo.svg
Phoenix Suns,2021-22,64,18,1610612756,https://cdn.nba.com/logos/nba/1610612756/global/D/logo.svg
Phoenix Suns,2020-21,51,21,1610612756,https://cdn.nba.com/logos/nba/1610612756/global/D/logo.svg
Phoenix Suns,2019-20,34,39,1610612756,https://cdn.nba.com/logos/nba/1610612756/global/D/logo.svg
Phoenix Suns,2018-19,19,63,1610612756,https://cdn.nba.com/logos/nba/1610612756/global/D/logo.svg
Phoenix Suns,2017-18,21,61,1610612756,https://cdn.nba.com/logos/nba/1610612756/global/D/logo.svg
Phoenix Suns,2016-17,24,58,1610612756,https://cdn.nba.com/logos/nba/1610612756/global/D/logo.svg
Phoenix Suns,2015-16,23,59,1610612756,https://cdn.nba.com/logos/nba/1610612756/global/D/logo.svg
Phoenix Suns,2014-15,39,43,1610612756,https://cdn.nba.com/logos/nba/1610612756/global/D/logo.svg
Phoenix Suns,2013-14,48,34,1610612756,https://cdn.nba.com/logos/nba/1610612756/global/D/logo.svg
Phoenix Suns,2012-13,25,57,1610612756,https://cdn.nba.com/logos/nba/1610612756/global/D/logo.svg
Phoenix Suns,2011-12,33,33,1610612756,https://cdn.nba.com/logos/nba/1610612756/global/D/logo.svg
Phoenix Suns,2010-11,40,42,1610612756,https://cdn.nba.com/logos/nba/1610612756/global/D/logo.svg
Phoenix Suns,2009-10,54,28,1610612756,https://cdn.nba.com/logos/nba/1610612756/global/D/logo.svg
Phoenix Suns,2008-09,46,36,1610612756,https://cdn.nba.com/logos/nba/1610612756/global/D/logo.svg
Phoenix Suns,2007-08,55,27,1610612756,https://cdn.nba.com/logos/nba/1610612756/global/D/logo.svg
Phoenix Suns,2006-07,61,21,1610612756,https://cdn.nba.com/logos/nba/1610612756/global/D/logo.svg
Portland Trail Blazers,2023-24,4,11,1610612757,https://cdn.nba.com/logos/nba/1610612757/global/D/logo.svg
Portland Trail Blazers,2022-23,33,49,1610612757,https://cdn.nba.com/logos/nba/1610612757/global/D/logo.svg
Portland Trail Blazers,2021-22,27,55,1610612757,https://cdn.nba.com/logos/nba/1610612757/global/D/logo.svg
Portland Trail Blazers,2020-21,42,30,1610612757,https://cdn.nba.com/logos/nba/1610612757/global/D/logo.svg
Portland Trail Blazers,2019-20,35,39,1610612757,https://cdn.nba.com/logos/nba/1610612757/global/D/logo.svg
Portland Trail Blazers,2018-19,53,29,1610612757,https://cdn.nba.com/logos/nba/1610612757/global/D/logo.svg
Portland Trail Blazers,2017-18,49,33,1610612757,https://cdn.nba.com/logos/nba/1610612757/global/D/logo.svg
Portland Trail Blazers,2016-17,41,41,1610612757,https://cdn.nba.com/logos/nba/1610612757/global/D/logo.svg
Portland Trail Blazers,2015-16,44,38,1610612757,https://cdn.nba.com/logos/nba/1610612757/global/D/logo.svg
Portland Trail Blazers,2014-15,51,31,1610612757,https://cdn.nba.com/logos/nba/1610612757/global/D/logo.svg
Portland Trail Blazers,2013-14,54,28,1610612757,https://cdn.nba.com/logos/nba/1610612757/global/D/logo.svg
Portland Trail Blazers,2012-13,33,49,1610612757,https://cdn.nba.com/logos/nba/1610612757/global/D/logo.svg
Portland Trail Blazers,2011-12,28,38,1610612757,https://cdn.nba.com/logos/nba/1610612757/global/D/logo.svg
Portland Trail Blazers,2010-11,48,34,1610612757,https://cdn.nba.com/logos/nba/1610612757/global/D/logo.svg
Portland Trail Blazers,2009-10,50,32,1610612757,https://cdn.nba.com/logos/nba/1610612757/global/D/logo.svg
Portland Trail Blazers,2008-09,54,28,1610612757,https://cdn.nba.com/logos/nba/1610612757/global/D/logo.svg
Portland Trail Blazers,2007-08,41,41,1610612757,https://cdn.nba.com/logos/nba/1610612757/global/D/logo.svg
Portland Trail Blazers,2006-07,32,50,1610612757,https://cdn.nba.com/logos/nba/1610612757/global/D/logo.svg
Sacramento Kings,2023-24,8,6,1610612758,https://cdn.nba.com/logos/nba/1610612758/global/D/logo.svg
Sacramento Kings,2022-23,48,34,1610612758,https://cdn.nba.com/logos/nba/1610612758/global/D/logo.svg
Sacramento Kings,2021-22,30,52,1610612758,https://cdn.nba.com/logos/nba/1610612758/global/D/logo.svg
Sacramento Kings,2020-21,31,41,1610612758,https://cdn.nba.com/logos/nba/1610612758/global/D/logo.svg
Sacramento Kings,2019-20,31,41,1610612758,https://cdn.nba.com/logos/nba/1610612758/global/D/logo.svg
Sacramento Kings,2018-19,39,43,1610612758,https://cdn.nba.com/logos/nba/1610612758/global/D/logo.svg
Sacramento Kings,2017-18,27,55,1610612758,https://cdn.nba.com/logos/nba/1610612758/global/D/logo.svg
Sacramento Kings,2016-17,32,50,1610612758,https://cdn.nba.com/logos/nba/1610612758/global/D/logo.svg
Sacramento Kings,2015-16,33,49,1610612758,https://cdn.nba.com/logos/nba/1610612758/global/D/logo.svg
Sacramento Kings,2014-15,29,53,1610612758,https://cdn.nba.com/logos/nba/1610612758/global/D/logo.svg
Sacramento Kings,2013-14,28,54,1610612758,https://cdn.nba.com/logos/nba/1610612758/global/D/logo.svg
Sacramento Kings,2012-13,28,54,1610612758,https://cdn.nba.com/logos/nba/1610612758/global/D/logo.svg
Sacramento Kings,2011-12,22,44,1610612758,https://cdn.nba.com/logos/nba/1610612758/global/D/logo.svg
Sacramento Kings,2010-11,24,58,1610612758,https://cdn.nba.com/logos/nba/1610612758/global/D/logo.svg
Sacramento Kings,2009-10,25,57,1610612758,https://cdn.nba.com/logos/nba/1610612758/global/D/logo.svg
Sacramento Kings,2008-09,17,65,1610612758,https://cdn.nba.com/logos/nba/1610612758/global/D/logo.svg
Sacramento Kings,2007-08,38,44,1610612758,https://cdn.nba.com/logos/nba/1610612758/global/D/logo.svg
Sacramento Kings,2006-07,33,49,1610612758,https://cdn.nba.com/logos/nba/1610612758/global/D/logo.svg
San Antonio Spurs,2023-24,3,12,1610612759,https://cdn.nba.com/logos/nba/1610612759/global/D/logo.svg
San Antonio Spurs,2022-23,22,60,1610612759,https://cdn.nba.com/logos/nba/1610612759/global/D/logo.svg
San Antonio Spurs,2021-22,34,48,1610612759,https://cdn.nba.com/logos/nba/1610612759/global/D/logo.svg
San Antonio Spurs,2020-21,33,39,1610612759,https://cdn.nba.com/logos/nba/1610612759/global/D/logo.svg
San Antonio Spurs,2019-20,32,39,1610612759,https://cdn.nba.com/logos/nba/1610612759/global/D/logo.svg
San Antonio Spurs,2018-19,48,34,1610612759,https://cdn.nba.com/logos/nba/1610612759/global/D/logo.svg
San Antonio Spurs,2017-18,47,35,1610612759,https://cdn.nba.com/logos/nba/1610612759/global/D/logo.svg
San Antonio Spurs,2016-17,61,21,1610612759,https://cdn.nba.com/logos/nba/1610612759/global/D/logo.svg
San Antonio Spurs,2015-16,67,15,1610612759,https://cdn.nba.com/logos/nba/1610612759/global/D/logo.svg
San Antonio Spurs,2014-15,55,27,1610612759,https://cdn.nba.com/logos/nba/1610612759/global/D/logo.svg
San Antonio Spurs,2013-14,62,20,1610612759,https://cdn.nba.com/logos/nba/1610612759/global/D/logo.svg
San Antonio Spurs,2012-13,58,24,1610612759,https://cdn.nba.com/logos/nba/1610612759/global/D/logo.svg
San Antonio Spurs,2011-12,50,16,1610612759,https://cdn.nba.com/logos/nba/1610612759/global/D/logo.svg
San Antonio Spurs,2010-11,61,21,1610612759,https://cdn.nba.com/logos/nba/1610612759/global/D/logo.svg
San Antonio Spurs,2009-10,50,32,1610612759,https://cdn.nba.com/logos/nba/1610612759/global/D/logo.svg
San Antonio Spurs,2008-09,54,28,1610612759,https://cdn.nba.com/logos/nba/1610612759/global/D/logo.svg
San Antonio Spurs,2007-08,56,26,1610612759,https://cdn.nba.com/logos/nba/1610612759/global/D/logo.svg
San Antonio Spurs,2006-07,58,24,1610612759,https://cdn.nba.com/logos/nba/1610612759/global/D/logo.svg
Toronto Raptors,2023-24,7,8,1610612761,https://cdn.nba.com/logos/nba/1610612761/global/D/logo.svg
Toronto Raptors,2022-23,41,41,1610612761,https://cdn.nba.com/logos/nba/1610612761/global/D/logo.svg
Toronto Raptors,2021-22,48,34,1610612761,https://cdn.nba.com/logos/nba/1610612761/global/D/logo.svg
Toronto Raptors,2020-21,27,45,1610612761,https://cdn.nba.com/logos/nba/1610612761/global/D/logo.svg
Toronto Raptors,2019-20,53,19,1610612761,https://cdn.nba.com/logos/nba/1610612761/global/D/logo.svg
Toronto Raptors,2018-19,58,24,1610612761,https://cdn.nba.com/logos/nba/1610612761/global/D/logo.svg
Toronto Raptors,2017-18,59,23,1610612761,https://cdn.nba.com/logos/nba/1610612761/global/D/logo.svg
Toronto Raptors,2016-17,51,31,1610612761,https://cdn.nba.com/logos/nba/1610612761/global/D/logo.svg
Toronto Raptors,2015-16,56,26,1610612761,https://cdn.nba.com/logos/nba/1610612761/global/D/logo.svg
Toronto Raptors,2014-15,49,33,1610612761,https://cdn.nba.com/logos/nba/1610612761/global/D/logo.svg
Toronto Raptors,2013-14,48,34,1610612761,https://cdn.nba.com/logos/nba/1610612761/global/D/logo.svg
Toronto Raptors,2012-13,34,48,1610612761,https://cdn.nba.com/logos/nba/1610612761/global/D/logo.svg
Toronto Raptors,2011-12,23,43,1610612761,https://cdn.nba.com/logos/nba/1610612761/global/D/logo.svg
Toronto Raptors,2010-11,22,60,1610612761,https://cdn.nba.com/logos/nba/1610612761/global/D/logo.svg
Toronto Raptors,2009-10,40,42,1610612761,https://cdn.nba.com/logos/nba/1610612761/global/D/logo.svg
Toronto Raptors,2008-09,33,49,1610612761,https://cdn.nba.com/logos/nba/1610612761/global/D/logo.svg
Toronto Raptors,2007-08,41,41,1610612761,https://cdn.nba.com/logos/nba/1610612761/global/D/logo.svg
Toronto Raptors,2006-07,47,35,1610612761,https://cdn.nba.com/logos/nba/1610612761/global/D/logo.svg
Utah Jazz,2023-24,4,11,1610612762,https://cdn.nba.com/logos/nba/1610612762/primary/L/logo.svg
Utah Jazz,2022-23,37,45,1610612762,https://cdn.nba.com/logos/nba/1610612762/primary/L/logo.svg
Utah Jazz,2021-22,49,33,1610612762,https://cdn.nba.com/logos/nba/1610612762/primary/L/logo.svg
Utah Jazz,2020-21,52,20,1610612762,https://cdn.nba.com/logos/nba/1610612762/primary/L/logo.svg
Utah Jazz,2019-20,44,28,1610612762,https://cdn.nba.com/logos/nba/1610612762/primary/L/logo.svg
Utah Jazz,2018-19,50,32,1610612762,https://cdn.nba.com/logos/nba/1610612762/primary/L/logo.svg
Utah Jazz,2017-18,48,34,1610612762,https://cdn.nba.com/logos/nba/1610612762/primary/L/logo.svg
Utah Jazz,2016-17,51,31,1610612762,https://cdn.nba.com/logos/nba/1610612762/primary/L/logo.svg
Utah Jazz,2015-16,40,42,1610612762,https://cdn.nba.com/logos/nba/1610612762/primary/L/logo.svg
Utah Jazz,2014-15,38,44,1610612762,https://cdn.nba.com/logos/nba/1610612762/primary/L/logo.svg
Utah Jazz,2013-14,25,57,1610612762,https://cdn.nba.com/logos/nba/1610612762/primary/L/logo.svg
Utah Jazz,2012-13,43,39,1610612762,https://cdn.nba.com/logos/nba/1610612762/primary/L/logo.svg
Utah Jazz,2011-12,36,30,1610612762,https://cdn.nba.com/logos/nba/1610612762/primary/L/logo.svg
Utah Jazz,2010-11,39,43,1610612762,https://cdn.nba.com/logos/nba/1610612762/primary/L/logo.svg
Utah Jazz,2009-10,53,29,1610612762,https://cdn.nba.com/logos/nba/1610612762/primary/L/logo.svg
Utah Jazz,2008-09,48,34,1610612762,https://cdn.nba.com/logos/nba/1610612762/primary/L/logo.svg
Utah Jazz,2007-08,54,28,1610612762,https://cdn.nba.com/logos/nba/1610612762/primary/L/logo.svg
Utah Jazz,2006-07,51,31,1610612762,https://cdn.nba.com/logos/nba/1610612762/primary/L/logo.svg
Washington Wizards,2023-24,2,12,1610612764,https://cdn.nba.com/logos/nba/1610612764/global/D/logo.svg
Washington Wizards,2022-23,35,47,1610612764,https://cdn.nba.com/logos/nba/1610612764/global/D/logo.svg
Washington Wizards,2021-22,35,47,1610612764,https://cdn.nba.com/logos/nba/1610612764/global/D/logo.svg
Washington Wizards,2020-21,34,38,1610612764,https://cdn.nba.com/logos/nba/1610612764/global/D/logo.svg
Washington Wizards,2019-20,25,47,1610612764,https://cdn.nba.com/logos/nba/1610612764/global/D/logo.svg
Washington Wizards,2018-19,32,50,1610612764,https://cdn.nba.com/logos/nba/1610612764/global/D/logo.svg
Washington Wizards,2017-18,43,39,1610612764,https://cdn.nba.com/logos/nba/1610612764/global/D/logo.svg
Washington Wizards,2016-17,49,33,1610612764,https://cdn.nba.com/logos/nba/1610612764/global/D/logo.svg
Washington Wizards,2015-16,41,41,1610612764,https://cdn.nba.com/logos/nba/1610612764/global/D/logo.svg
Washington Wizards,2014-15,46,36,1610612764,https://cdn.nba.com/logos/nba/1610612764/global/D/logo.svg
Washington Wizards,2013-14,44,38,1610612764,https://cdn.nba.com/logos/nba/1610612764/global/D/logo.svg
Washington Wizards,2012-13,29,53,1610612764,https://cdn.nba.com/logos/nba/1610612764/global/D/logo.svg
Washington Wizards,2011-12,20,46,1610612764,https://cdn.nba.com/logos/nba/1610612764/global/D/logo.svg
Washington Wizards,2010-11,23,59,1610612764,https://cdn.nba.com/logos/nba/1610612764/global/D/logo.svg
Washington Wizards,2009-10,26,56,1610612764,https://cdn.nba.com/logos/nba/1610612764/global/D/logo.svg
Washington Wizards,2008-09,19,63,1610612764,https://cdn.nba.com/logos/nba/1610612764/global/D/logo.svg
Washington Wizards,2007-08,43,39,1610612764,https://cdn.nba.com/logos/nba/1610612764/global/D/logo.svg
Washington Wizards,2006-07,41,41,1610612764,https://cdn.nba.com/logos/nba/1610612764/global/D/logo.svg
